antecedents,consequents,support,confidence,lift,leverage,conviction,antecedent_len,consequent_len,combo_len
"frozenset({'WAKE_LOCK', 'INTERNET'})",frozenset({'BIND_GET_INSTALL_REFERRER_SERVICE'}),0.6538461538461539,0.7727272727272727,1.1818181818181819,0.10059171597633132,1.523076923076923,2,1,3
"frozenset({'INTERNET', 'BIND_GET_INSTALL_REFERRER_SERVICE'})",frozenset({'WAKE_LOCK'}),0.6538461538461539,1.0,1.1818181818181819,0.10059171597633132,inf,2,1,3
frozenset({'WAKE_LOCK'}),"frozenset({'INTERNET', 'BIND_GET_INSTALL_REFERRER_SERVICE'})",0.6538461538461539,0.7727272727272727,1.1818181818181819,0.10059171597633132,1.523076923076923,1,2,3
frozenset({'BIND_GET_INSTALL_REFERRER_SERVICE'}),"frozenset({'WAKE_LOCK', 'INTERNET'})",0.6538461538461539,1.0,1.1818181818181819,0.10059171597633132,inf,1,2,3
"frozenset({'WAKE_LOCK', 'BIND_GET_INSTALL_REFERRER_SERVICE'})",frozenset({'INTERNET'}),0.6538461538461539,1.0,1.0129870129870129,0.0083826429980276,inf,2,1,3
"frozenset({'WAKE_LOCK', 'WRITE_EXTERNAL_STORAGE'})",frozenset({'INTERNET'}),0.6025641025641025,1.0,1.0129870129870129,0.007725180802103826,inf,2,1,3
"frozenset({'WRITE_EXTERNAL_STORAGE', 'INTERNET'})",frozenset({'WAKE_LOCK'}),0.6025641025641025,0.8545454545454545,1.0099173553719007,0.005917159763313529,1.0576923076923075,2,1,3
frozenset({'WRITE_EXTERNAL_STORAGE'}),"frozenset({'WAKE_LOCK', 'INTERNET'})",0.6025641025641025,0.8545454545454545,1.0099173553719007,0.005917159763313529,1.0576923076923075,1,2,3
