antecedents,consequents,support,confidence,lift,leverage,conviction,antecedent_len,consequent_len,combo_len
"frozenset({'WAKE_LOCK', 'INTERNET'})",frozenset({'BIND_GET_INSTALL_REFERRER_SERVICE'}),0.7558139534883721,0.7926829268292683,1.048780487804878,0.03515413737155215,1.1778385772913817,2,1,3
"frozenset({'INTERNET', 'BIND_GET_INSTALL_REFERRER_SERVICE'})",frozenset({'WAKE_LOCK'}),0.7558139534883721,1.0,1.048780487804878,0.03515413737155215,inf,2,1,3
frozenset({'WAKE_LOCK'}),"frozenset({'INTERNET', 'BIND_GET_INSTALL_REFERRER_SERVICE'})",0.7558139534883721,0.7926829268292683,1.048780487804878,0.03515413737155215,1.1778385772913817,1,2,3
frozenset({'BIND_GET_INSTALL_REFERRER_SERVICE'}),"frozenset({'WAKE_LOCK', 'INTERNET'})",0.7558139534883721,1.0,1.048780487804878,0.03515413737155215,inf,1,2,3
"frozenset({'INTERNET', 'WRITE_EXTERNAL_STORAGE'})",frozenset({'WAKE_LOCK'}),0.6976744186046512,0.9677419354838711,1.0149488591660112,0.010275824770146103,1.4418604651162845,2,1,3
frozenset({'WRITE_EXTERNAL_STORAGE'}),"frozenset({'WAKE_LOCK', 'INTERNET'})",0.6976744186046512,0.9677419354838711,1.0149488591660112,0.010275824770146103,1.4418604651162845,1,2,3
