antecedents,consequents,support,confidence,lift,leverage,conviction,antecedent_len,consequent_len,combo_len
"frozenset({'WRITE_EXTERNAL_STORAGE', 'INTERNET'})",frozenset({'WAKE_LOCK'}),0.6666666666666666,0.9655172413793103,1.039787798408488,0.025510204081632626,2.0714285714285663,2,1,3
frozenset({'WRITE_EXTERNAL_STORAGE'}),"frozenset({'WAKE_LOCK', 'INTERNET'})",0.6666666666666666,0.9655172413793103,1.039787798408488,0.025510204081632626,2.0714285714285663,1,2,3
"frozenset({'INTERNET', 'BIND_GET_INSTALL_REFERRER_SERVICE'})",frozenset({'WAKE_LOCK'}),0.6428571428571429,0.9818181818181819,1.0573426573426574,0.03486394557823136,3.9285714285714497,2,1,3
frozenset({'BIND_GET_INSTALL_REFERRER_SERVICE'}),"frozenset({'WAKE_LOCK', 'INTERNET'})",0.6428571428571429,0.9818181818181819,1.0573426573426574,0.03486394557823136,3.9285714285714497,1,2,3
